,Title,Source,URL
0,Composer explores legacy of computer pioneer Ada Lovelace and using AI for musical composition,Stanford Report,https://news.google.com/articles/CBMifWh0dHBzOi8vZ2VuZGVyLnN0YW5mb3JkLmVkdS9uZXdzLXB1YmxpY2F0aW9ucy9nZW5kZXItbmV3cy9jb21wb3Nlci1leHBsb3Jlcy1sZWdhY3ktY29tcHV0ZXItcGlvbmVlci1hZGEtbG92ZWxhY2UtYW5kLXVzaW5nLWFp0gEA?hl=en-US&gl=US&ceid=US%3Aen
1,Can Machines And Artificial Intelligence Be Creative?,Forbes,https://news.google.com/articles/CAIiEERWkNGhGayNxMTQ2y_Gx2wqFQgEKg0IACoGCAowrqkBMKBFMMGBAg?hl=en-US&gl=US&ceid=US%3Aen
2,Will Artificial Intelligence Replace Human Musicians?,Consequence of Sound,https://news.google.com/articles/CAIiEEkf1ph8FqqB-s-GMDAEm3AqFwgEKg8IACoHCAowlPHSATCqjTUwxOdy?hl=en-US&gl=US&ceid=US%3Aen
3,"Meet Travis Bott, the Travis Scott twin whose music and lyrics were created with AI",Fast Company,https://news.google.com/articles/CBMid2h0dHBzOi8vd3d3LmZhc3Rjb21wYW55LmNvbS85MDQ2NDA2Mi9tZWV0LXRyYXZpcy1ib3R0LXRoZS10cmF2aXMtc2NvdHQtdHdpbi13aG9zZS1tdXNpYy1hbmQtbHlyaWNzLXdlcmUtY3JlYXRlZC13aXRoLWFp0gEA?hl=en-US&gl=US&ceid=US%3Aen
4,The Australian Institute for Machine Learning & Sia Furler Institute at the University of Adelaide Shape Future of AI & Art Through MURMUR: World’s First AI Art Exhibit,MarTech Series,https://news.google.com/articles/CBMizAFodHRwczovL21hcnRlY2hzZXJpZXMuY29tL3ByZWRpY3RpdmUtYWkvYWktcGxhdGZvcm1zLW1hY2hpbmUtbGVhcm5pbmcvYXVzdHJhbGlhbi1pbnN0aXR1dGUtbWFjaGluZS1sZWFybmluZy1zaWEtZnVybGVyLWluc3RpdHV0ZS11bml2ZXJzaXR5LWFkZWxhaWRlLXNoYXBlLWZ1dHVyZS1haS1hcnQtbXVybXVyLXdvcmxkcy1maXJzdC1haS1hcnQtZXhoaWJpdC_SAdABaHR0cHM6Ly9tYXJ0ZWNoc2VyaWVzLmNvbS9hbXAvcHJlZGljdGl2ZS1haS9haS1wbGF0Zm9ybXMtbWFjaGluZS1sZWFybmluZy9hdXN0cmFsaWFuLWluc3RpdHV0ZS1tYWNoaW5lLWxlYXJuaW5nLXNpYS1mdXJsZXItaW5zdGl0dXRlLXVuaXZlcnNpdHktYWRlbGFpZGUtc2hhcGUtZnV0dXJlLWFpLWFydC1tdXJtdXItd29ybGRzLWZpcnN0LWFpLWFydC1leGhpYml0Lw?hl=en-US&gl=US&ceid=US%3Aen
5,Your Favorite Musicians Will Soon Be … Robots,OZY,https://news.google.com/articles/CAIiEP-kklYmbXEtYKZtEy81o1AqGQgEKhAIACoHCAowy4j7CjCUjPMCMP_zxwU?hl=en-US&gl=US&ceid=US%3Aen
6,Why the royalty-free music space is the perfect niche for AI,Netimperative,https://news.google.com/articles/CBMiYmh0dHA6Ly93d3cubmV0aW1wZXJhdGl2ZS5jb20vMjAyMC8wMi93aHktdGhlLXJveWFsdHktZnJlZS1tdXNpYy1zcGFjZS1pcy10aGUtcGVyZmVjdC1uaWNoZS1mb3ItYWkv0gEA?hl=en-US&gl=US&ceid=US%3Aen
7,Can AI Compose Good Music?,Bloomberg,https://news.google.com/articles/CAIiELd-akoJdQYYa6Ipg_xatFYqGQgEKhAIACoHCAow4uzwCjCF3bsCMNGAygM?hl=en-US&gl=US&ceid=US%3Aen
8,Meet the students co-creating art with artificial intelligence,Mustang News,https://news.google.com/articles/CBMiV2h0dHBzOi8vbXVzdGFuZ25ld3MubmV0L21lZXQtdGhlLXN0dWRlbnRzLWNvLWNyZWF0aW5nLWFydC13aXRoLWFydGlmaWNpYWwtaW50ZWxsaWdlbmNlL9IBAA?hl=en-US&gl=US&ceid=US%3Aen
9,Kena.AI launches best in class Artificial-Intelligence based piano music transcription.,EIN News,https://news.google.com/articles/CBMigAFodHRwczovL3d3dy5laW5uZXdzLmNvbS9wcl9uZXdzLzUxMTc3MjQ2OC9rZW5hLWFpLWxhdW5jaGVzLWJlc3QtaW4tY2xhc3MtYXJ0aWZpY2lhbC1pbnRlbGxpZ2VuY2UtYmFzZWQtcGlhbm8tbXVzaWMtdHJhbnNjcmlwdGlvbtIBhAFodHRwczovL3d3dy5laW5uZXdzLmNvbS9hbXAvcHJfbmV3cy81MTE3NzI0Njgva2VuYS1haS1sYXVuY2hlcy1iZXN0LWluLWNsYXNzLWFydGlmaWNpYWwtaW50ZWxsaWdlbmNlLWJhc2VkLXBpYW5vLW11c2ljLXRyYW5zY3JpcHRpb24?hl=en-US&gl=US&ceid=US%3Aen
10,AI can now compose pop music and even symphonies. Here's how composers are joining in.,NBCNews.com,https://news.google.com/articles/CBMiZGh0dHBzOi8vd3d3Lm5iY25ld3MuY29tL21hY2gvc2NpZW5jZS9haS1jYW4tbm93LWNvbXBvc2UtcG9wLW11c2ljLWV2ZW4tc3ltcGhvbmllcy1oZXJlLXMtbmNuYTEwMTA5MzHSASxodHRwczovL3d3dy5uYmNuZXdzLmNvbS9tYWNoL2FtcC9uY25hMTAxMDkzMQ?hl=en-US&gl=US&ceid=US%3Aen
11,Robot Leads Human Musicians in Orchestra Performance,VOA Learning English,https://news.google.com/articles/CBMiZ2h0dHBzOi8vbGVhcm5pbmdlbmdsaXNoLnZvYW5ld3MuY29tL2Evcm9ib3QtbGVhZHMtaHVtYW4tbXVzaWNpYW5zLWluLW9yY2hlc3RyYS1wZXJmb3JtYW5jZS81MjgxNTU0Lmh0bWzSAWlodHRwczovL2xlYXJuaW5nZW5nbGlzaC52b2FuZXdzLmNvbS9hbXAvcm9ib3QtbGVhZHMtaHVtYW4tbXVzaWNpYW5zLWluLW9yY2hlc3RyYS1wZXJmb3JtYW5jZS81MjgxNTU0Lmh0bWw?hl=en-US&gl=US&ceid=US%3Aen
12,OpenAI’s MuseNet generates AI music at the push of a button,The Verge,https://news.google.com/articles/CAIiEC1CMC1SspSShLWtJcKEu_UqFwgEKg4IACoGCAow3O8nMMqOBjDe2aYG?hl=en-US&gl=US&ceid=US%3Aen
13,AWS's DeepComposer music keyboard is powered by AI,Fast Company,https://news.google.com/articles/CBMiZ2h0dHBzOi8vd3d3LmZhc3Rjb21wYW55LmNvbS85MDQzNzYyNS9hbWF6b25zLWtvb2t5LW5ldy1rZXlib2FyZC1sZXRzLWh1bWFucy1hbmQtYWktd3JpdGUtbXVzaWMtdG9nZXRoZXLSAQA?hl=en-US&gl=US&ceid=US%3Aen
14,'Bot Dylan': Singer-songwriter robot called Schimon can write its own lyrics after studying tens of thousands of words penned by the musical greats - and has an album out in the Spring,msnNOW,https://news.google.com/articles/CBMi6QFodHRwczovL3d3dy5tc24uY29tL2VuLXVzL25ld3MvdGVjaG5vbG9neS9ib3QtZHlsYW4tc2luZ2VyLXNvbmd3cml0ZXItcm9ib3QtY2FsbGVkLXNjaGltb24tY2FuLXdyaXRlLWl0cy1vd24tbHlyaWNzLWFmdGVyLXN0dWR5aW5nLXRlbnMtb2YtdGhvdXNhbmRzLW9mLXdvcmRzLXBlbm5lZC1ieS10aGUtbXVzaWNhbC1ncmVhdHMtYW5kLWhhcy1hbi1hbGJ1bS1vdXQtaW4tdGhlLXNwcmluZy9hci1CQjEwUXhGY9IBAA?hl=en-US&gl=US&ceid=US%3Aen
15,"Summer Nostos Festival: June 21-28, 2020",The National Herald,https://news.google.com/articles/CBMiUGh0dHBzOi8vd3d3LnRoZW5hdGlvbmFsaGVyYWxkLmNvbS8yODY0MDUvc3VtbWVyLW5vc3Rvcy1mZXN0aXZhbC1qdW5lLTIxLTI4LTIwMjAv0gEA?hl=en-US&gl=US&ceid=US%3Aen
16,AI to compose classical music live in concert – with over 100 musicians,Classic FM,https://news.google.com/articles/CBMiUWh0dHBzOi8vd3d3LmNsYXNzaWNmbS5jb20vbXVzaWMtbmV3cy9haS1jb25jZXJ0LWhvc3RlZC13Y2l0LWZpcnN0LXRpbWUtb3JjaGVzdHJhL9IBUWh0dHBzOi8vYW1wLmNsYXNzaWNmbS5jb20vbXVzaWMtbmV3cy9haS1jb25jZXJ0LWhvc3RlZC13Y2l0LWZpcnN0LXRpbWUtb3JjaGVzdHJhLw?hl=en-US&gl=US&ceid=US%3Aen
17,How AI can help everyone become a musician,Red Bull,https://news.google.com/articles/CBMiQ2h0dHBzOi8vd3d3LnJlZGJ1bGwuY29tL2ludC1lbi9ob3ctYWktd2lsbC1tYWtlLWV2ZXJ5b25lLWEtbXVzaWNpYW7SAQA?hl=en-US&gl=US&ceid=US%3Aen
18,8 AI tools that are at the cutting edge of music production,Happy Mag,https://news.google.com/articles/CBMiTmh0dHBzOi8vaGFwcHltYWcudHYvOC10b29scy10aGF0LXVzZS1hcnRpZmljaWFsLWludGVsbGlnZW5jZS10by1wcm9kdWNlLW11c2ljL9IBAA?hl=en-US&gl=US&ceid=US%3Aen
19,How AI-generated music is changing the way hits are made,The Verge,https://news.google.com/articles/CAIiEEa7JP18fALGiWzX_ZO7d2EqFwgEKg4IACoGCAow3O8nMMqOBjCzr7gD?hl=en-US&gl=US&ceid=US%3Aen
20,Command & Conquer Remastered launches June 5 on Origin and Steam,Neowin,https://news.google.com/articles/CBMiXGh0dHBzOi8vd3d3Lm5lb3dpbi5uZXQvbmV3cy9jb21tYW5kLS1jb25xdWVyLXJlbWFzdGVyZWQtbGF1bmNoZXMtanVuZS01LW9uLW9yaWdpbi1hbmQtc3RlYW0v0gFbaHR0cHM6Ly93d3cubmVvd2luLm5ldC9hbXAvY29tbWFuZC0tY29ucXVlci1yZW1hc3RlcmVkLWxhdW5jaGVzLWp1bmUtNS1vbi1vcmlnaW4tYW5kLXN0ZWFtLw?hl=en-US&gl=US&ceid=US%3Aen
21,Amazon’s new ‘AI keyboard’ is confusing everyone,The Verge,https://news.google.com/articles/CAIiEEOeRJ3pmldpOnjX8vfvHrgqFwgEKg4IACoGCAow3O8nMMqOBjCt2ugF?hl=en-US&gl=US&ceid=US%3Aen
22,Nine outrageous things AI can already do — including compose music and make you dance,National Post,https://news.google.com/articles/CBMiS2h0dHBzOi8vbmF0aW9uYWxwb3N0LmNvbS9uZXdzL2NhbmFkYS93aGF0LWNhbi1haS1hcnRpZmljaWFsLWludGVsbGlnZW5jZS1kb9IBT2h0dHBzOi8vbmF0aW9uYWxwb3N0LmNvbS9uZXdzL2NhbmFkYS93aGF0LWNhbi1haS1hcnRpZmljaWFsLWludGVsbGlnZW5jZS1kby9hbXA?hl=en-US&gl=US&ceid=US%3Aen
23,Khayyam: The maestro who showed how great poetry set to soulful music doesn’t age with time,National Herald,https://news.google.com/articles/CAIiEJwCeE4oojWRPtUboqFqPEkqGQgEKhAIACoHCAow1t36CjDslvICMPaF0gU?hl=en-US&gl=US&ceid=US%3Aen
24,New software can compose Indian classical music with help from AI,Economic Times,https://news.google.com/articles/CAIiEKzlt3vmDWHNxjmxhxNF1hoqGQgEKhAIACoHCAow2pqGCzD954MDMOClmgY?hl=en-US&gl=US&ceid=US%3Aen
25,The Amazing Ways Artificial Intelligence Is Transforming The Music Industry,Forbes,https://news.google.com/articles/CAIiEG-Fhd3Kjs_hnjtMLn27JckqFQgEKg0IACoGCAowrqkBMKBFMMGBAg?hl=en-US&gl=US&ceid=US%3Aen
26,Arcona uses machine learning to compose adaptive soundtracks in real time,TechCrunch,https://news.google.com/articles/CAIiEIM3H3NZEZ7YSpx9NYW4NmAqFAgEKg0IACoGCAowlIEBMLEXMOc_?hl=en-US&gl=US&ceid=US%3Aen
27,How AI is adding the final notes to German composer's Beethoven's Tenth Symphony,The Local Germany,https://news.google.com/articles/CAIiEFpcPImgRTLjnRTWKUWTd8UqGQgEKhAIACoHCAowwKuQCzC0oKQDMJiYtAY?hl=en-US&gl=US&ceid=US%3Aen
28,Beethoven’s unfinished tenth symphony to be completed by artificial intelligence,Classic FM,https://news.google.com/articles/CBMiYGh0dHBzOi8vd3d3LmNsYXNzaWNmbS5jb20vY29tcG9zZXJzL2JlZXRob3Zlbi9uZXdzL2NvbXB1dGVyLWNvbXBsZXRlcy11bmZpbmlzaGVkLXRlbnRoLXN5bXBob255L9IBYGh0dHBzOi8vYW1wLmNsYXNzaWNmbS5jb20vY29tcG9zZXJzL2JlZXRob3Zlbi9uZXdzL2NvbXB1dGVyLWNvbXBsZXRlcy11bmZpbmlzaGVkLXRlbnRoLXN5bXBob255Lw?hl=en-US&gl=US&ceid=US%3Aen
29,JAM lead us into the ‘Era of the AI Composer’ with its new music platform,MusicTech,https://news.google.com/articles/CBMiOWh0dHBzOi8vd3d3Lm11c2ljdGVjaC5uZXQvbmV3cy9qYW0taW50cm9kdWNlLWFpLWNvbXBvc2VyL9IBPWh0dHBzOi8vd3d3Lm11c2ljdGVjaC5uZXQvbmV3cy9qYW0taW50cm9kdWNlLWFpLWNvbXBvc2VyLz9hbXA?hl=en-US&gl=US&ceid=US%3Aen
30,Will The Next Pop Music Hit Be Completely AI Generated?,Forbes,https://news.google.com/articles/CAIiEPrQrBYVSRjfs9KgVKI6VR8qFQgEKg0IACoGCAowrqkBMKBFMMGBAg?hl=en-US&gl=US&ceid=US%3Aen
31,7 Online Artificial Intelligence Tools To Generate Your Own Music,Analytics India Magazine,https://news.google.com/articles/CBMiYGh0dHBzOi8vYW5hbHl0aWNzaW5kaWFtYWcuY29tLzctb25saW5lLWFydGlmaWNpYWwtaW50ZWxsaWdlbmNlLXRvb2xzLXRvLWdlbmVyYXRlLXlvdXItb3duLW11c2ljL9IBAA?hl=en-US&gl=US&ceid=US%3Aen
32,Are AI composers the future of music?,TechRadar India,https://news.google.com/articles/CBMiQ2h0dHBzOi8vd3d3LnRlY2hyYWRhci5jb20vbmV3cy9hcmUtYWktY29tcG9zZXJzLXRoZS1mdXR1cmUtb2YtbXVzaWPSAQA?hl=en-US&gl=US&ceid=US%3Aen
33,Jothipala: From the depths of despair to heady heights,ft.lk,https://news.google.com/articles/CBMiV2h0dHA6Ly93d3cuZnQubGsvY29sdW1ucy9Kb3RoaXBhbGEtRnJvbS10aGUtZGVwdGhzLW9mLWRlc3BhaXItdG8taGVhZHktaGVpZ2h0cy80LTY5NzQ4MtIBAA?hl=en-US&gl=US&ceid=US%3Aen
34,A New AI Can Write Music as Well as a Human Composer,Futurism,https://news.google.com/articles/CBMiSWh0dHBzOi8vZnV0dXJpc20uY29tL2EtbmV3LWFpLWNhbi13cml0ZS1tdXNpYy1hcy13ZWxsLWFzLWEtaHVtYW4tY29tcG9zZXLSAU1odHRwczovL2Z1dHVyaXNtLmNvbS9hLW5ldy1haS1jYW4td3JpdGUtbXVzaWMtYXMtd2VsbC1hcy1hLWh1bWFuLWNvbXBvc2VyL2FtcA?hl=en-US&gl=US&ceid=US%3Aen
35,Pianist And Coder Dan Tepfer Composes Music With The Help Of Artificial Intelligence,NPR,https://news.google.com/articles/CBMieWh0dHBzOi8vd3d3Lm5wci5vcmcvMjAxOS8wNS8wNy83MjExNzIxODYvcGlhbmlzdC1hbmQtY29kZXItZGFuLXRlcGZlci1jb21wb3Nlcy1tdXNpYy13aXRoLXRoZS1oZWxwLW9mLWFydGlmaWNpYWwtaW50ZWxsaWfSAQA?hl=en-US&gl=US&ceid=US%3Aen
36,An AI Completes an Unfinished Composition 115 Years After Composer's Death,VICE,https://news.google.com/articles/CAIiEGmex7sCD7ohggCtiNnjticqFwgEKg4IACoGCAowis8wMLmCBjCfkLEG?hl=en-US&gl=US&ceid=US%3Aen
37,Berlin music tech company JAM to launch AI music platform,Mixmag,https://news.google.com/articles/CBMiOmh0dHBzOi8vbWl4bWFnLm5ldC9yZWFkL2Jlcmxpbi1tdXNpYy10ZWNoLWNvbXBhbnktamFtLW5ld3PSATRodHRwczovL21peG1hZy5uZXQvYW1wL2Jlcmxpbi1tdXNpYy10ZWNoLWNvbXBhbnktamFt?hl=en-US&gl=US&ceid=US%3Aen
38,FUTURE PROOF: AI and music,New Straits Times,https://news.google.com/articles/CAIiEJcukHALpeZZLMhMDt8Co6gqGQgEKhAIACoHCAow9sveCjC0m9YBMPDtoQM?hl=en-US&gl=US&ceid=US%3Aen
39,Do androids dream of electric beats? How AI is changing music for good,The Guardian,https://news.google.com/articles/CAIiEFzZPccw1aH0TVN2HUNAteMqFggEKg4IACoGCAowl6p7MN-zCTCOvRU?hl=en-US&gl=US&ceid=US%3Aen
40,ARTIFICIAL INTELLIGENCE: MUSIC'S NEXT FRONTIER… The Drew Silverstein Interview,hotpress.com,https://news.google.com/articles/CBMib2h0dHBzOi8vd3d3LmhvdHByZXNzLmNvbS9tdXNpYy9hcnRpZmljaWFsLWludGVsbGlnZW5jZS1tdXNpY3MtbmV4dC1mcm9udGllci1kcmV3LXNpbHZlcnN0ZWluLWludGVydmlldy0yMjc4NjMwN9IBAA?hl=en-US&gl=US&ceid=US%3Aen
41,Read More AI-powered Symphonia app turns singing into instrumental music French startup Symphonia claims that,Music Ally,https://news.google.com/articles/CBMiYGh0dHBzOi8vbXVzaWNhbGx5LmNvbS8yMDIwLzAyLzEwL2FpLXBvd2VyZWQtc3ltcGhvbmlhLWFwcC10dXJucy1zaW5naW5nLWludG8taW5zdHJ1bWVudGFsLW11c2ljL9IBAA?hl=en-US&gl=US&ceid=US%3Aen
42,"AI to upend melody making, teach artists how to please, Spotify tech guru says",The Times of Israel,https://news.google.com/articles/CBMiaWh0dHBzOi8vd3d3LnRpbWVzb2Zpc3JhZWwuY29tL2FpLXRvLXVwZW5kLW1lbG9keS1tYWtpbmctdGVhY2gtYXJ0aXN0cy1ob3ctdG8tcGxlYXNlLXRlY2gtbXVzaWMtZ3VydS1zYXlzL9IBAA?hl=en-US&gl=US&ceid=US%3Aen
43,These Creatives Work Together With Algorithms And Robots To Make Their Art,WBUR,https://news.google.com/articles/CBMiYmh0dHBzOi8vd3d3LndidXIub3JnL29ucG9pbnQvMjAxOS8xMi8zMC9kYW4tdGVwZmVyLXJvYmJpZS1iYXJyYXQtYXJ0aWZpY2lhbC1pbnRlbGxpZ2VuY2UtbXVzaWMtYXJ00gEA?hl=en-US&gl=US&ceid=US%3Aen
44,The Artists Using Artificial Intelligence to Dream Up the Future of Music,SPIN,https://news.google.com/articles/CBMiW2h0dHBzOi8vd3d3LnNwaW4uY29tL2ZlYXR1cmVkL2FpLW11c2ljLWFydGlmaWNpYWwtaW50ZWxsaWdlbmNlLWZlYXR1cmUtaG9sbHktaGVybmRvbi15YWNodC_SAQA?hl=en-US&gl=US&ceid=US%3Aen
45,Artificial intelligence puts final notes on Beethoven's '10th Symphony',The Japan Times,https://news.google.com/articles/CBMihQFodHRwczovL3d3dy5qYXBhbnRpbWVzLmNvLmpwL2N1bHR1cmUvMjAxOS8xMi8xMy9lbnRlcnRhaW5tZW50LW5ld3MvYXJ0aWZpY2lhbC1pbnRlbGxpZ2VuY2UtcHV0cy1maW5hbC1ub3Rlcy1iZWV0aG92ZW5zLTEwdGgtc3ltcGhvbnkv0gEA?hl=en-US&gl=US&ceid=US%3Aen
46,"AI can now make art. Don’t panic, says Marcus du Sautoy.",Vox.com,https://news.google.com/articles/CAIiEHHAC_YGeJux88xLPQcJbsgqGAgEKg8IACoHCAowlOzSATCaiDUw672eBg?hl=en-US&gl=US&ceid=US%3Aen
47,Why AWS is selling a MIDI keyboard to teach machine learning,TechCrunch,https://news.google.com/articles/CBMiX2h0dHBzOi8vdGVjaGNydW5jaC5jb20vMjAxOS8xMi8wNS93aHktYXdzLWlzLXNlbGxpbmctYS1taWRpLWtleWJvYXJkLXRvLXRlYWNoLW1hY2hpbmUtbGVhcm5pbmcv0gFjaHR0cHM6Ly90ZWNoY3J1bmNoLmNvbS8yMDE5LzEyLzA1L3doeS1hd3MtaXMtc2VsbGluZy1hLW1pZGkta2V5Ym9hcmQtdG8tdGVhY2gtbWFjaGluZS1sZWFybmluZy9hbXAv?hl=en-US&gl=US&ceid=US%3Aen
48,Robot rhythms: the startups using AI to shake up the music business,The Guardian,https://news.google.com/articles/CAIiEPkfK11tk0_d6iu6y0PPdHkqFggEKg4IACoGCAowl6p7MN-zCTDMwRU?hl=en-US&gl=US&ceid=US%3Aen
49,What Will Happen When Machines Write Songs Just as Well as Your Favorite Musician?,Mother Jones,https://news.google.com/articles/CBMifGh0dHBzOi8vd3d3Lm1vdGhlcmpvbmVzLmNvbS9tZWRpYS8yMDE5LzAzL3doYXQtd2lsbC1oYXBwZW4td2hlbi1tYWNoaW5lcy13cml0ZS1zb25ncy1qdXN0LWFzLXdlbGwtYXMteW91ci1mYXZvcml0ZS1tdXNpY2lhbi_SAQA?hl=en-US&gl=US&ceid=US%3Aen
50,An AI Is Completing Beethoven’s Unfinished Symphony,Futurism,https://news.google.com/articles/CBMiSmh0dHBzOi8vZnV0dXJpc20uY29tL3RoZS1ieXRlL2FpLWNvbXBsZXRpbmctYmVldGhvdmVucy11bmZpbmlzaGVkLXN5bXBob2550gFFaHR0cHM6Ly9mdXR1cmlzbS5jb20vYWktY29tcGxldGluZy1iZWV0aG92ZW5zLXVuZmluaXNoZWQtc3ltcGhvbnkvYW1w?hl=en-US&gl=US&ceid=US%3Aen
51,Björk creates an AI composition that creates music that creates music to the weather,Daily Mail,https://news.google.com/articles/CAIiEH340zfadeFO1QfxEXCq_VUqGQgEKhAIACoHCAowzuOICzCZ4ocDMO7xqQY?hl=en-US&gl=US&ceid=US%3Aen
52,Read More Google wants musicians to play with its new AI-music tool Google has been,Music Ally,https://news.google.com/articles/CBMiW2h0dHBzOi8vbXVzaWNhbGx5LmNvbS8yMDE5LzAzLzIxL2dvb2dsZS13YW50cy1tdXNpY2lhbnMtdG8tcGxheS13aXRoLWl0cy1uZXctYWktbXVzaWMtdG9vbC_SAQA?hl=en-US&gl=US&ceid=US%3Aen
53,AI Music: 11 Cool Examples You Should Know,Built In,https://news.google.com/articles/CBMiPWh0dHBzOi8vYnVpbHRpbi5jb20vYXJ0aWZpY2lhbC1pbnRlbGxpZ2VuY2UvYWktbXVzaWMtZXhhbXBsZXPSAQA?hl=en-US&gl=US&ceid=US%3Aen
54,AI in the music industry is nothing to be scared of – it's a step towards an exciting new future.,Music Business Worldwide,https://news.google.com/articles/CBMihQFodHRwczovL3d3dy5tdXNpY2J1c2luZXNzd29ybGR3aWRlLmNvbS9haS1pbi10aGUtbXVzaWMtaW5kdXN0cnktaXMtbm90aGluZy10by1iZS1zY2FyZWQtb2YtaXRzLWEtc3RlcC10b3dhcmRzLWFuLWV4Y2l0aW5nLW5ldy1mdXR1cmUv0gEA?hl=en-US&gl=US&ceid=US%3Aen
55,AI-music firm Jukedeck's CEO now runs AI Lab of TikTok owner Bytedance,Music Ally,https://news.google.com/articles/CBMibmh0dHBzOi8vbXVzaWNhbGx5LmNvbS8yMDE5LzA3LzIzL2FpLW11c2ljLXN0YXJ0dXAtanVrZWRlY2tzLWNlby1ub3ctcnVucy10aGUtYWktbGFiLW9mLXRpa3Rvay1vd25lci1ieXRlZGFuY2Uv0gEA?hl=en-US&gl=US&ceid=US%3Aen
56,High-tech Japan uses AI in song to welcome pope,Reuters,https://news.google.com/articles/CAIiEPPMUCqB3aErablOmrlb3X4qFggEKg0IACoGCAowt6AMMLAmMPT6lwM?hl=en-US&gl=US&ceid=US%3Aen
57,WIPO opens consultation on the copyright questions raised by creative AI,Complete Music Update,https://news.google.com/articles/CBMicWh0dHBzOi8vY29tcGxldGVtdXNpY3VwZGF0ZS5jb20vYXJ0aWNsZS93aXBvLW9wZW5zLWNvbnN1bHRhdGlvbi1vbi10aGUtY29weXJpZ2h0LXF1ZXN0aW9ucy1yYWlzZWQtYnktY3JlYXRpdmUtYWkv0gEA?hl=en-US&gl=US&ceid=US%3Aen
58,"Future 25: Holly Herndon, Artist and Inventor of Spawn",Rolling Stone,https://news.google.com/articles/CAIiEOVDPmYJdK1MMhxtDKAnw5QqGQgEKhAIACoHCAow9MSGCzCKpYQDML-UuQM?hl=en-US&gl=US&ceid=US%3Aen
59,What's the real end-game for AI music? Popgun's CEO has some ideas...,Music Ally,https://news.google.com/articles/CBMiOmh0dHBzOi8vbXVzaWNhbGx5LmNvbS8yMDE5LzEyLzA2L2VuZC1nYW1lLWFpLW11c2ljLXBvcGd1bi_SAQA?hl=en-US&gl=US&ceid=US%3Aen
60,"Why Music Makes Us Feel, According to AI",USC Viterbi School of Engineering,https://news.google.com/articles/CBMiU2h0dHBzOi8vdml0ZXJiaXNjaG9vbC51c2MuZWR1L25ld3MvMjAxOS8xMC93aHktbXVzaWMtbWFrZXMtdXMtZmVlbC1hY2NvcmRpbmctdG8tYWkv0gEA?hl=en-US&gl=US&ceid=US%3Aen
61,Dig Into the Past and Discover the Secret History of the Future,Slate,https://news.google.com/articles/CAIiEMVIGPyYnIVBiA_OY86EISQqFQgEKg0IACoGCAowuLUIMNFnMInmAg?hl=en-US&gl=US&ceid=US%3Aen
62,"This piano plays Bach just like legendary pianist Glenn Gould, thanks to artificial intelligence",Classic FM,https://news.google.com/articles/CBMiVmh0dHBzOi8vd3d3LmNsYXNzaWNmbS5jb20vZGlzY292ZXItbXVzaWMvaW5zdHJ1bWVudHMvcGlhbm8vZ2xlbm4tZ291bGQtYmFjaC1haS15YW1haGEv0gFWaHR0cHM6Ly9hbXAuY2xhc3NpY2ZtLmNvbS9kaXNjb3Zlci1tdXNpYy9pbnN0cnVtZW50cy9waWFuby9nbGVubi1nb3VsZC1iYWNoLWFpLXlhbWFoYS8?hl=en-US&gl=US&ceid=US%3Aen
63,"Hexachords updates its AI-based composition tool, Orb Composer",MusicTech,https://news.google.com/articles/CBMiPmh0dHBzOi8vd3d3Lm11c2ljdGVjaC5uZXQvbmV3cy9vcmItY29tcG9zZXItaGV4YWNob3Jkcy11cGRhdGUv0gFCaHR0cHM6Ly93d3cubXVzaWN0ZWNoLm5ldC9uZXdzL29yYi1jb21wb3Nlci1oZXhhY2hvcmRzLXVwZGF0ZS8_YW1w?hl=en-US&gl=US&ceid=US%3Aen
64,Do Auxuman's AI Singers Herald the Shape of Music to Come?,The Nation,https://news.google.com/articles/CBMiP2h0dHBzOi8vd3d3LnRoZW5hdGlvbi5jb20vYXJ0aWNsZS9hcmNoaXZlL2F1eHVtYW4tbXVzaWMtcmV2aWV3L9IBAA?hl=en-US&gl=US&ceid=US%3Aen
65,The World's First Album Composed and Produced by an AI Has Been Unveiled,Futurism,https://news.google.com/articles/CBMiXGh0dHBzOi8vZnV0dXJpc20uY29tL3RoZS13b3JsZHMtZmlyc3QtYWxidW0tY29tcG9zZWQtYW5kLXByb2R1Y2VkLWJ5LWFuLWFpLWhhcy1iZWVuLXVudmVpbGVk0gFgaHR0cHM6Ly9mdXR1cmlzbS5jb20vdGhlLXdvcmxkcy1maXJzdC1hbGJ1bS1jb21wb3NlZC1hbmQtcHJvZHVjZWQtYnktYW4tYWktaGFzLWJlZW4tdW52ZWlsZWQvYW1w?hl=en-US&gl=US&ceid=US%3Aen
66,Using AI to Question What Art Is,Hyperallergic,https://news.google.com/articles/CBMiOWh0dHBzOi8vaHlwZXJhbGxlcmdpYy5jb20vNTQxMDk0L2FpZG9sLWxhd3JlbmNlLWxlay1pZmZyL9IBAA?hl=en-US&gl=US&ceid=US%3Aen
67,Is Artificial Intelligence about to transform the sync industry?,Music Business Worldwide,https://news.google.com/articles/CBMiZ2h0dHBzOi8vd3d3Lm11c2ljYnVzaW5lc3N3b3JsZHdpZGUuY29tL2lzLWFydGlmaWNpYWwtaW50ZWxsaWdlbmNlLWFib3V0LXRvLXRyYW5zZm9ybS10aGUtc3luYy1pbmR1c3RyeS_SAQA?hl=en-US&gl=US&ceid=US%3Aen
68,Amper Music Raises $4M to Fuel Growth of Artificial Intelligence Music Composition Technology,AiThority,https://news.google.com/articles/CBMiiAFodHRwczovL3d3dy5haXRob3JpdHkuY29tL21hY2hpbmUtbGVhcm5pbmcvYW1wZXItbXVzaWMtcmFpc2VzLTRtLXRvLWZ1ZWwtZ3Jvd3RoLW9mLWFydGlmaWNpYWwtaW50ZWxsaWdlbmNlLW11c2ljLWNvbXBvc2l0aW9uLXRlY2hub2xvZ3kv0gEA?hl=en-US&gl=US&ceid=US%3Aen
69,Google's New Doodle Opens Debate About AI In Music,Forbes,https://news.google.com/articles/CAIiELetVrkoKnCN4htuPEExNEwqFQgEKg0IACoGCAowrqkBMKBFMMGBAg?hl=en-US&gl=US&ceid=US%3Aen
70,Why AI music will let human artists be less like machines,The Drum,https://news.google.com/articles/CBMiX2h0dHBzOi8vd3d3LnRoZWRydW0uY29tL29waW5pb24vMjAyMC8wMS8xNC93aHktYWktbXVzaWMtd2lsbC1sZXQtaHVtYW4tYXJ0aXN0cy1iZS1sZXNzLW1hY2hpbmVz0gEA?hl=en-US&gl=US&ceid=US%3Aen
71,Read More AI-music startup Popgun launches consumer music-making app Splash Our recent interview with,Music Ally,https://news.google.com/articles/CBMiRWh0dHBzOi8vbXVzaWNhbGx5LmNvbS8yMDE5LzEyLzExL2FpLW11c2ljLXBvcGd1bi1jb25zdW1lci1hcHAtc3BsYXNoL9IBAA?hl=en-US&gl=US&ceid=US%3Aen
72,"Auxuman, an AI music collective, begin their series of monthly album releases",MusicTech,https://news.google.com/articles/CBMiOGh0dHBzOi8vd3d3Lm11c2ljdGVjaC5uZXQvbmV3cy9hdXh1bWFuLXJlbGVhc2UtYWktYWxidW0v0gE8aHR0cHM6Ly93d3cubXVzaWN0ZWNoLm5ldC9uZXdzL2F1eHVtYW4tcmVsZWFzZS1haS1hbGJ1bS8_YW1w?hl=en-US&gl=US&ceid=US%3Aen
73,Read More Startup Resonoo is putting AI to work on spotting hit songs Back in May,Music Ally,https://news.google.com/articles/CBMiXWh0dHBzOi8vbXVzaWNhbGx5LmNvbS8yMDE5LzA5LzAyL3N0YXJ0dXAtcmVzb25vby1pcy1wdXR0aW5nLWFpLXRvLXdvcmstb24tc3BvdHRpbmctaGl0LXNvbmdzL9IBAA?hl=en-US&gl=US&ceid=US%3Aen
74,A.I. Songwriting Has Arrived. Don’t Panic,Fortune,https://news.google.com/articles/CBMiPWh0dHBzOi8vZm9ydHVuZS5jb20vMjAxOC8xMC8yNS9hcnRpZmljaWFsLWludGVsbGlnZW5jZS1tdXNpYy_SAUFodHRwczovL2ZvcnR1bmUuY29tLzIwMTgvMTAvMjUvYXJ0aWZpY2lhbC1pbnRlbGxpZ2VuY2UtbXVzaWMvYW1wLw?hl=en-US&gl=US&ceid=US%3Aen
75,"Behind the Radical AI Music on Holly Herndon’s Third Album, ‘Proto’",Vogue,https://news.google.com/articles/CAIiECShcV5vqm8isCh8-11-FDIqGAgEKg8IACoHCAow6KLyCTDY8XIwtqfsBQ?hl=en-US&gl=US&ceid=US%3Aen
76,Rachmaninoff the most innovative composer according to network science,Tech Xplore,https://news.google.com/articles/CAIiECrXth0Lfik6uM_aNU7uEeEqGQgEKhAIACoHCAowgvzyCjCh_NkCMNvtxgY?hl=en-US&gl=US&ceid=US%3Aen
77,Holly Herndon: Proto review – dystopia averted! AI and IRL in pop harmony,The Guardian,https://news.google.com/articles/CAIiEHtGgC-HNMp_a3TEWhtuYCoqFggEKg4IACoGCAowl6p7MN-zCTCOvRU?hl=en-US&gl=US&ceid=US%3Aen
78,8 Tools: How To Think About Artificial Intelligence In The Music Industry,hypebot.com,https://news.google.com/articles/CBMidWh0dHBzOi8vd3d3Lmh5cGVib3QuY29tL2h5cGVib3QvMjAxOS8xMi84LXRvb2xzLWhvdy10by10aGluay1hYm91dC1hcnRpZmljaWFsLWludGVsbGlnZW5jZS1pbi10aGUtbXVzaWMtaW5kdXN0cnkuaHRtbNIBAA?hl=en-US&gl=US&ceid=US%3Aen
79,How to make sweet sounding music with a hard drive,BBC News,https://news.google.com/articles/CBMiUWh0dHBzOi8vd3d3LmJiYy5jb20vZnV0dXJlL2FydGljbGUvMjAxODEyMTctdGhlLW11c2ljYWwtZ2VuaXVzZXMtdGhhdC1jYW5ub3QtaGVhctIBAA?hl=en-US&gl=US&ceid=US%3Aen
80,The Loneliness of a Highbrow Teenage Songwriting Robot,Bloomberg,https://news.google.com/articles/CAIiENOjci2ws7rSF3NvcRphY6kqGQgEKhAIACoHCAow4uzwCjCF3bsCMIrOrwM?hl=en-US&gl=US&ceid=US%3Aen
81,Is AI the next rockstar of music?,Verizon Communications,https://news.google.com/articles/CBMiXWh0dHBzOi8vd3d3LnZlcml6b24uY29tL2Fib3V0L291ci1jb21wYW55L2ZvdXJ0aC1pbmR1c3RyaWFsLXJldm9sdXRpb24vYWktbmV4dC1yb2Nrc3Rhci1tdXNpY9IBAA?hl=en-US&gl=US&ceid=US%3Aen
82,"From Jingles to Pop Hits, A.I. Is Music to Some Ears",The New York Times,https://news.google.com/articles/CAIiECkXb53Wt6a_xHJ3VBmi7yIqFwgEKg8IACoHCAowjuuKAzCWrzww1oEY?hl=en-US&gl=US&ceid=US%3Aen
83,AI and music: will we be slaves to the algorithm?,The Guardian,https://news.google.com/articles/CAIiEG_rBB3xG0faWk5tFhFTt0cqFggEKg4IACoGCAowl6p7MN-zCTDlkko?hl=en-US&gl=US&ceid=US%3Aen
84,"Expert: AI-Generated Music Is A ""Total Legal Clusterf*ck""",Futurism,https://news.google.com/articles/CBMiOWh0dHBzOi8vZnV0dXJpc20uY29tL2FpLWdlbmVyYXRlZC1tdXNpYy1sZWdhbC1jbHVzdGVyZnVja9IBPWh0dHBzOi8vZnV0dXJpc20uY29tL2FpLWdlbmVyYXRlZC1tdXNpYy1sZWdhbC1jbHVzdGVyZnVjay9hbXA?hl=en-US&gl=US&ceid=US%3Aen
85,Stretching the Bounds of Reality With AI Sensorium at ODC,San Francisco Classical Voice,https://news.google.com/articles/CBMiYmh0dHBzOi8vd3d3LnNmY3Yub3JnL3ByZXZpZXcvb2RjLXRoZWF0ZXIvc3RyZXRjaGluZy10aGUtYm91bmRzLW9mLXJlYWxpdHktd2l0aC1haS1zZW5zb3JpdW0tYXQtb2Rj0gEA?hl=en-US&gl=US&ceid=US%3Aen
86,This Never-Ending Livestream of AI-Generated Death Metal Is Giving Us Serious Anxiety,ScienceAlert,https://news.google.com/articles/CBMiYmh0dHBzOi8vd3d3LnNjaWVuY2VhbGVydC5jb20vbmV3LTI0LTctYWktZ2VuZXJhdGVkLWRlYXRoLW1ldGFsLXlvdXR1YmUtc3RyZWFtLWlzLWdpdmluZy11cy1hbnhpZXR50gFiaHR0cHM6Ly93d3cuc2NpZW5jZWFsZXJ0LmNvbS9uZXctMjQtNy1haS1nZW5lcmF0ZWQtZGVhdGgtbWV0YWwteW91dHViZS1zdHJlYW0taXMtZ2l2aW5nLXVzLWFueGlldHk?hl=en-US&gl=US&ceid=US%3Aen
87,Unfinished piano piece by Antonín Dvořák completed by AI programme,Radio Prague,https://news.google.com/articles/CBMia2h0dHBzOi8vd3d3LnJhZGlvLmN6L2VuL3NlY3Rpb24vaW4tZm9jdXMvdW5maW5pc2hlZC1waWFuby1waWVjZS1ieS1hbnRvbmluLWR2b3Jhay1jb21wbGV0ZWQtYnktYWktcHJvZ3JhbW1l0gEA?hl=en-US&gl=US&ceid=US%3Aen
88,Meet the musicians who compose in Mario Paint,The Verge,https://news.google.com/articles/CAIiEJXGPlo0x0qp4WPap19iaFIqFggEKg4IACoGCAow3O8nMMqOBjD38Ak?hl=en-US&gl=US&ceid=US%3Aen
89,How Google is making music with artificial intelligence,Science Magazine,https://news.google.com/articles/CBMiV2h0dHBzOi8vd3d3LnNjaWVuY2VtYWcub3JnL25ld3MvMjAxNy8wOC9ob3ctZ29vZ2xlLW1ha2luZy1tdXNpYy1hcnRpZmljaWFsLWludGVsbGlnZW5jZdIBAA?hl=en-US&gl=US&ceid=US%3Aen
90,This is the perfect book about Scotland to read in self-isolation,The National,https://news.google.com/articles/CBMiXmh0dHBzOi8vd3d3LnRoZW5hdGlvbmFsLnNjb3QvbmV3cy8xODMwNTI2OC5wYXQta2FuZS1wZXJmZWN0LWJvb2stcmVhZC1zY290bGFuZC1zZWxmLWlzb2xhdGlvbi_SAQA?hl=en-US&gl=US&ceid=US%3Aen
91,Four AI composition tools easy enough to soundtrack your home movie masterpiece,Ars Technica,https://news.google.com/articles/CBMibmh0dHBzOi8vYXJzdGVjaG5pY2EuY29tL2dhbWluZy8yMDE4LzAzL3JvYm90cy1jb21wb3NlZC10aGUtc291bmR0cmFjay1mb3ItbXktaG9tZS1tb3ZpZS10aGV5LWNhbi1oZWxwLXlvdS10b28v0gF0aHR0cHM6Ly9hcnN0ZWNobmljYS5jb20vZ2FtaW5nLzIwMTgvMDMvcm9ib3RzLWNvbXBvc2VkLXRoZS1zb3VuZHRyYWNrLWZvci1teS1ob21lLW1vdmllLXRoZXktY2FuLWhlbHAteW91LXRvby8_YW1wPTE?hl=en-US&gl=US&ceid=US%3Aen
92,Siri Co-Founder Tom Gruber on the future of AI in the music business,Music Business Worldwide,https://news.google.com/articles/CBMibGh0dHBzOi8vd3d3Lm11c2ljYnVzaW5lc3N3b3JsZHdpZGUuY29tL3NpcmktY28tZm91bmRlci10b20tZ3J1YmVyLW9uLXRoZS1mdXR1cmUtb2YtYWktaW4tdGhlLW11c2ljLWJ1c2luZXNzL9IBAA?hl=en-US&gl=US&ceid=US%3Aen
93,OpenAI’s MuseNet AI generates novel 4-minute songs with 10 across a range of genres and styles,VentureBeat,https://news.google.com/articles/CAIiEJRpp2u5DbhBMsTQubA4ukYqFAgEKgwIACoFCAowsGkw8AYw5eYD?hl=en-US&gl=US&ceid=US%3Aen
94,11 Startups Using AI to Compose Music,Nanalyze,https://news.google.com/articles/CBMiPmh0dHBzOi8vd3d3Lm5hbmFseXplLmNvbS8yMDE4LzA1LzExLXN0YXJ0dXBzLWFpLWNvbXBvc2UtbXVzaWMv0gFCaHR0cHM6Ly93d3cubmFuYWx5emUuY29tLzIwMTgvMDUvMTEtc3RhcnR1cHMtYWktY29tcG9zZS1tdXNpYy9hbXAv?hl=en-US&gl=US&ceid=US%3Aen
95,How a computer can complete Beethoven's unfinished symphony,DW (English),https://news.google.com/articles/CAIiEAwUPbYwYGbQLLw22nNqv00qFwgEKg8IACoHCAoww5LyAzD2zh0wyrVV?hl=en-US&gl=US&ceid=US%3Aen
96,Amper Music Launches First AI Music Composition Platform for Enterprise Content Creators,GlobeNewswire,https://news.google.com/articles/CBMioAFodHRwczovL3d3dy5nbG9iZW5ld3N3aXJlLmNvbS9uZXdzLXJlbGVhc2UvMjAxOS8wMS8yMy8xNzA0MjE0LzAvZW4vQW1wZXItTXVzaWMtTGF1bmNoZXMtRmlyc3QtQUktTXVzaWMtQ29tcG9zaXRpb24tUGxhdGZvcm0tZm9yLUVudGVycHJpc2UtQ29udGVudC1DcmVhdG9ycy5odG1s0gEA?hl=en-US&gl=US&ceid=US%3Aen
97,ByteDance spurs TikTok’s global expansion by snapping up music AI tech,South China Morning Post,https://news.google.com/articles/CAIiEBYOIKnAUPo-Ek5sOIDzhf8qGQgEKhAIACoHCAowief2CjCJ2dUCMJuWxwU?hl=en-US&gl=US&ceid=US%3Aen
98,Could an AI duet be the next chart-topper?,Financial Times,https://news.google.com/articles/CAIiEOmH-OwiYCFUihBpbCckvekqFwgEKg8IACoHCAow-4fWBzD4z0gwwtt6?hl=en-US&gl=US&ceid=US%3Aen
99,Discovery Networks Corners Composers in Music Royalties Battle,Variety,https://news.google.com/articles/CAIiEAlUFEd0w6mBVHIVzxH5n_wqFwgEKg8IACoHCAowraj2AjC5-iIwqYhb?hl=en-US&gl=US&ceid=US%3Aen
